{
  "r2_score": 0.8207388730834595,
  "mean_absolute_error": 19360.25856142029,
  "root_mean_squared_error": 30038.619272440043,
  "r2_percentage": 82.07388730834595,
  "evaluation_date": "2026-02-23 15:39:37",
  "test_samples": 260
}